{"cameraMode":{"drawMode":0,"name":"Shaded","section":"Shading Mode"},"sceneLighting":true,"audioPlay":false,"sceneViewState":{"m_AlwaysRefresh":false,"showFog":true,"showSkybox":true,"showFlares":true,"showImageEffects":true,"showParticleSystems":true,"showVisualEffectGraphs":true,"m_FxEnabled":true},"in2DMode":false,"pivot":{"x":0.046999990940093997,"y":0.7232162952423096,"z":0.26480090618133547},"rotation":{"x":0.059678129851818088,"y":0.8785243630409241,"z":-0.11396265774965286,"w":0.4600498378276825},"size":1.676349401473999,"orthographic":false}