{"cameraMode":{"drawMode":0,"name":"Shaded","section":"Shading Mode"},"sceneLighting":true,"audioPlay":false,"sceneViewState":{"m_AlwaysRefresh":false,"showFog":true,"showSkybox":true,"showFlares":true,"showImageEffects":true,"showParticleSystems":true,"showVisualEffectGraphs":true,"m_FxEnabled":true},"in2DMode":false,"pivot":{"x":0.046999990940093997,"y":0.7232162952423096,"z":0.26480090618133547},"rotation":{"x":0.44828861951828005,"y":0.2846297323703766,"z":-0.15310010313987733,"w":0.8334171175956726},"size":3.716557025909424,"orthographic":false}