{"cameraMode":{"drawMode":0,"name":"Shaded","section":"Shading Mode"},"sceneLighting":true,"audioPlay":false,"sceneViewState":{"m_AlwaysRefresh":false,"showFog":true,"showSkybox":true,"showFlares":true,"showImageEffects":true,"showParticleSystems":true,"showVisualEffectGraphs":true,"m_FxEnabled":true},"in2DMode":false,"pivot":{"x":-1.4533560276031495,"y":1.86210036277771,"z":19.150819778442384},"rotation":{"x":0.16055674850940705,"y":0.04144173115491867,"z":-0.006747232284396887,"w":0.9861334562301636},"size":0.8776313066482544,"orthographic":false}